{
    "cameras": {
        "32e4-9230-platform-3610000.xhci-usb-0:2.2:1.0": {
            "id": "32e4-9230-platform-3610000.xhci-usb-0:2.2:1.0",
            "name": "32e4-9230-platform-3610000.xhci-usb-0:2.2:1.0",
            "connect_after_init": true,
            "streaming": true,
            "auto_exposure": true,
            "exposure": false,
            "width": 1920,
            "height": 1080,
            "fps": 6,
            "focal_length": 1830,
            "calibration": {
                "intrinsics": {
                    "matrix": [
                        [
                            1064.9246050595953,
                            0.0,
                            959.6437061450023
                        ],
                        [
                            0.0,
                            1079.6613332010747,
                            386.7067118014294
                        ],
                        [
                            0.0,
                            0.0,
                            1.0
                        ]
                    ],
                    "distortion": [
                        -0.41603182064982597,
                        0.21061127881386454,
                        0.0037496370012728903,
                        5.9181458352914015e-05,
                        -0.05227638122649514
                    ],
                    "rotation": {
                        "R": [
                            [
                                1.0,
                                0.0,
                                0.0
                            ],
                            [
                                0.0,
                                1.0,
                                0.0
                            ],
                            [
                                0.0,
                                0.0,
                                1.0
                            ]
                        ]
                    },
                    "size": {
                        "width": 1810,
                        "height": 900
                    }
                },
                "extrinsics": {
                    "rotation": {
                        "R": [
                            [
                                -0.0014062105469486719,
                                -0.5671358983540337,
                                0.8236230298929605
                            ],
                            [
                                -0.99997124836556,
                                0.006934739218114716,
                                0.0030678712815350164
                            ],
                            [
                                -0.007451510861629205,
                                -0.823595035311736,
                                -0.5671293439734355
                            ]
                        ]
                    },
                    "translation": [
                        -0.33578349071917124,
                        -0.01731219357919928,
                        0.2969635344041813
                    ]
                }
            }
        }
    }
}