{
    "cameras": {
        "32e4-9230-platform-3610000.xhci-usb-0:2.1:1.0": {
            "id": "32e4-9230-platform-3610000.xhci-usb-0:2.1:1.0",
            "name": "32e4-9230-platform-3610000.xhci-usb-0:2.1:1.0",
            "connect_after_init": true,
            "streaming": true,
            "auto_exposure": true,
            "exposure": false,
            "width": 640,
            "height": 480,
            "fps": 30,
            "focal_length": 1830,
            "calibration": {
                "intrinsics": {
                    "matrix": [
                        [
                            1260.8490931277836,
                            0.0,
                            505.8930216349503
                        ],
                        [
                            0.0,
                            1180.233976788349,
                            221.50725879293836
                        ],
                        [
                            0.0,
                            0.0,
                            1.0
                        ]
                    ],
                    "distortion": [
                        -0.5224221742730265,
                        -0.006995829982943048,
                        0.10123681324019398,
                        0.0028082881013840122,
                        0.055637056295158346
                    ],
                    "rotation": {
                        "R": [
                            [
                                1.0,
                                0.0,
                                0.0
                            ],
                            [
                                0.0,
                                1.0,
                                0.0
                            ],
                            [
                                0.0,
                                0.0,
                                1.0
                            ]
                        ]
                    },
                    "size": {
                        "width": 1220,
                        "height": 980
                    }
                },
                "extrinsics": {
                    "rotation": {
                        "R": [
                            [
                                -0.038662116492989895,
                                0.6997376292317475,
                                -0.7133529918528522
                            ],
                            [
                                0.9965664737021241,
                                -0.02530584740750308,
                                -0.07883449486044382
                            ],
                            [
                                -0.07321546449484324,
                                -0.7139515840196177,
                                -0.6963566840597447
                            ]
                        ]
                    },
                    "translation": [
                        0.35252783638264684,
                        0.020123467868383867,
                        0.37927071125763784
                    ]
                }
            }
        }
    }
}