{
    "obstacles": {},
    "areas": {
        "2a621665-b0f0-443c-8252-3bd42c997845": {
            "outline": [
                {
                    "x": 4.14008820351158,
                    "y": -16.529322089550206
                },
                {
                    "x": -12.634128191514506,
                    "y": -24.040097374894728
                },
                {
                    "x": -18.930759085830115,
                    "y": -16.78108433237046
                },
                {
                    "x": 0.5057610077650115,
                    "y": -10.85220402722948
                }
            ],
            "id": "2a621665-b0f0-443c-8252-3bd42c997845",
            "type": null,
            "color": "green",
            "closed": true
        }
    }
}