{
    "cameras": {
        "32e4-9230-platform-3610000.xhci-usb-0:2.1:1.0": {
            "id": "32e4-9230-platform-3610000.xhci-usb-0:2.1:1.0",
            "name": "32e4-9230-platform-3610000.xhci-usb-0:2.1:1.0",
            "connect_after_init": true,
            "image_history_length": 256,
            "base_path_overwrite": null,
            "crop": {
                "x": 80.0,
                "y": 0.0,
                "width": 1170.0,
                "height": 720.0
            },
            "rotation": 0,
            "auto_exposure": true,
            "exposure": false,
            "width": 1280,
            "height": 720,
            "fps": 9,
            "calibration": {
                "intrinsics": {
                    "model": "pinhole",
                    "matrix": [
                        [
                            747.6047038666246,
                            0.0,
                            503.0608658488491
                        ],
                        [
                            0.0,
                            776.0562791896833,
                            350.6195425339102
                        ],
                        [
                            0.0,
                            0.0,
                            1.0
                        ]
                    ],
                    "distortion": [
                        -0.4373143493741297,
                        0.24122109956628343,
                        -0.0041711163302937115,
                        -0.0003321035306947364,
                        -0.051248605589538206
                    ],
                    "omnidir_params": {
                        "xi": 0.0,
                        "rotation": {
                            "R": [
                                [
                                    1.0,
                                    0.0,
                                    0.0
                                ],
                                [
                                    0.0,
                                    1.0,
                                    0.0
                                ],
                                [
                                    0.0,
                                    0.0,
                                    1.0
                                ]
                            ]
                        }
                    },
                    "size": {
                        "width": 980,
                        "height": 680
                    }
                },
                "extrinsics": {
                    "_frame_id": "field_friend.robot_locator",
                    "x": 0.3088200185097347,
                    "y": 0.004181817389632946,
                    "z": 0.31627615299671547,
                    "rotation": {
                        "R": [
                            [
                                -0.01439018074828502,
                                0.7644481697651403,
                                -0.6445245677557675
                            ],
                            [
                                0.9997806209878847,
                                0.0011890510028333967,
                                -0.02091162487212134
                            ],
                            [
                                -0.015219480776667554,
                                -0.6446840946544593,
                                -0.7642975765396935
                            ]
                        ]
                    }
                }
            },
            "focal_length": 1830
        }
    }
}