{
    "cameras": {
        "32e4-9230-platform-3610000.xhci-usb-0:2.1:1.0": {
            "id": "32e4-9230-platform-3610000.xhci-usb-0:2.1:1.0",
            "name": "32e4-9230-platform-3610000.xhci-usb-0:2.1:1.0",
            "connect_after_init": true,
            "streaming": true,
            "focal_length": 1830,
            "calibration": {
                "intrinsics": {
                    "model": "pinhole",
                    "matrix": [
                        [
                            727.2679873356558,
                            0.0,
                            352.7661356648588
                        ],
                        [
                            0.0,
                            744.0721162412931,
                            317.6999335141546
                        ],
                        [
                            0.0,
                            0.0,
                            1.0
                        ]
                    ],
                    "distortion": [
                        -0.44955933040753276,
                        0.3129028106986781,
                        0.002169742662498051,
                        -0.0010026071205458714,
                        -0.16985073623762145
                    ],
                    "xi": 0.0,
                    "rotation": {
                        "R": [
                            [
                                1,
                                0,
                                0
                            ],
                            [
                                0,
                                1,
                                0
                            ],
                            [
                                0,
                                0,
                                1
                            ]
                        ]
                    },
                    "size": {
                        "width": 780,
                        "height": 720
                    }
                },
                "extrinsics": {
                    "rotation": {
                        "R": [
                            [
                                -0.017117494831622837,
                                0.7782374296378166,
                                -0.6277368035103678
                            ],
                            [
                                0.9997955906753665,
                                0.006566501311457196,
                                -0.019122184148830202
                            ],
                            [
                                -0.010759564897545903,
                                -0.6279358121426516,
                                -0.7781907527026805
                            ]
                        ]
                    },
                    "translation": [
                        0.0,
                        0.0,
                        1.0
                    ]
                }
            },
            "auto_exposure": true,
            "exposure": false,
            "width": 1280,
            "height": 720,
            "fps": 9
        }
    }
}