{"cameras": {"32e4-9230-platform-3610000.xhci-usb-0:2.3:1.0": {"id": "32e4-9230-platform-3610000.xhci-usb-0:2.3:1.0", "name": "32e4-9230-platform-3610000.xhci-usb-0:2.3:1.0", "connect_after_init": true, "image_history_length": 256, "base_path_overwrite": null, "crop": {"x": 250.0, "y": 0.0, "width": 780.0, "height": 720.0}, "rotation": 0, "auto_exposure": true, "exposure": false, "width": 1280, "height": 720, "fps": 9, "calibration": {"intrinsics": {"model": "pinhole", "matrix": [[542.4997322344818, 0.0, 436.8105579928393], [0.0, 632.5558363398286, 574.3548882412342], [0.0, 0.0, 1.0]], "distortion": [0.24377280984690905, -1.0813906901552526, -0.14457136342798954, -0.05765969570330553, 0.4299649475709164], "omnidir_params": {"xi": 0.0, "rotation": {"R": [[1.0, 0.0, 0.0], [0.0, 1.0, 0.0], [0.0, 0.0, 1.0]]}}, "size": {"width": 780, "height": 720}}, "extrinsics": {"_frame_id": "field_friend.robot_locator", "x": 0.36352383880569034, "y": 0.04554627682505317, "z": 0.2128107562096038, "rotation": {"R": [[0.03145965575281884, 0.8066715995606586, -0.5901620290413154], [0.9984567829438606, -0.05239847533166375, -0.01839707521083457], [-0.045763988607967564, -0.5886725152792216, -0.8070751681854202]]}}}, "focal_length": 900.0}}}