{
    "cameras": {
        "32e4-9230-platform-3610000.xhci-usb-0:2.1:1.0": {
            "id": "32e4-9230-platform-3610000.xhci-usb-0:2.1:1.0",
            "name": "32e4-9230-platform-3610000.xhci-usb-0:2.1:1.0",
            "connect_after_init": true,
            "streaming": true,
            "focal_length": 1830,
            "calibration": {
                "intrinsics": {
                    "matrix": [
                        [
                            730.672004356113,
                            0.0,
                            349.4579020458706
                        ],
                        [
                            0.0,
                            747.3229371982118,
                            306.47658848091226
                        ],
                        [
                            0.0,
                            0.0,
                            1.0
                        ]
                    ],
                    "distortion": [
                        -0.4433783071214983,
                        0.26015075527427883,
                        0.0038723050893755035,
                        -0.000710634350529248,
                        -0.09040485124205291
                    ],
                    "rotation": {
                        "R": [
                            [
                                1.0,
                                0.0,
                                0.0
                            ],
                            [
                                0.0,
                                1.0,
                                0.0
                            ],
                            [
                                0.0,
                                0.0,
                                1.0
                            ]
                        ]
                    },
                    "size": {
                        "width": 780,
                        "height": 720
                    }
                },
                "extrinsics": {
                    "rotation": {
                        "R": [
                            [
                                -0.01439018074828502,
                                0.7644481697651403,
                                -0.6445245677557675
                            ],
                            [
                                0.9997806209878847,
                                0.0011890510028333967,
                                -0.02091162487212134
                            ],
                            [
                                -0.015219480776667554,
                                -0.6446840946544593,
                                -0.7642975765396935
                            ]
                        ]
                    },
                    "translation": [
                        0.3088200185097347,
                        0.004181817389632946,
                        0.31627615299671547
                    ]
                }
            },
            "auto_exposure": true,
            "exposure": false,
            "width": 1280,
            "height": 720,
            "fps": 9
        }
    }
}