{
    "cameras": {
        "32e4-9230-platform-3610000.xhci-usb-0:2.1:1.0": {
            "id": "32e4-9230-platform-3610000.xhci-usb-0:2.1:1.0",
            "name": "32e4-9230-platform-3610000.xhci-usb-0:2.1:1.0",
            "connect_after_init": true,
            "streaming": true,
            "focal_length": 1830,
            "calibration": {
                "intrinsics": {
                    "matrix": [
                        [
                            1079.9508535164803,
                            0.0,
                            544.1826309856062
                        ],
                        [
                            0.0,
                            1101.1475820425799,
                            403.07410538903343
                        ],
                        [
                            0.0,
                            0.0,
                            1.0
                        ]
                    ],
                    "distortion": [
                        -0.3826870922741008,
                        0.01375680101360712,
                        0.004251100356821879,
                        0.0006867591075843546,
                        0.18994139003680205
                    ],
                    "rotation": {
                        "R": [
                            [
                                1.0,
                                0.0,
                                0.0
                            ],
                            [
                                0.0,
                                1.0,
                                0.0
                            ],
                            [
                                0.0,
                                0.0,
                                1.0
                            ]
                        ]
                    },
                    "size": {
                        "width": 1220,
                        "height": 980
                    }
                },
                "extrinsics": {
                    "rotation": {
                        "R": [
                            [
                                -0.018691479240049325,
                                0.7690563101689658,
                                -0.6389076775193069
                            ],
                            [
                                0.999686091558257,
                                0.0037122194868790537,
                                -0.024777767685117014
                            ],
                            [
                                -0.016683733059336223,
                                -0.6391702521361403,
                                -0.7688842837745014
                            ]
                        ]
                    },
                    "translation": [
                        0.3047716549397838,
                        0.00466836222855056,
                        0.3154736356456431
                    ]
                }
            },
            "auto_exposure": true,
            "exposure": false,
            "width": 1920,
            "height": 1080,
            "fps": 6
        }
    }
}