{
    "reference_lat": 51.983140848333335,
    "reference_lon": 7.434131408333333
}