{
    "obstacles": {},
    "areas": {
        "fd9f089b-d02a-48fc-827e-1bb61f445e77": {
            "outline": [
                {
                    "x": 0.0001854803299891567,
                    "y": -0.00011160845812879241
                },
                {
                    "x": -3.595541093745008,
                    "y": 1.4566029582173248
                },
                {
                    "x": -4.888705672754312,
                    "y": -7.798759922066118
                },
                {
                    "x": -3.1997179960486197,
                    "y": -8.613052963526433
                }
            ],
            "id": "fd9f089b-d02a-48fc-827e-1bb61f445e77",
            "type": null,
            "color": "green",
            "closed": true
        }
    }
}