{
    "cameras": {
        "32e4-9230-platform-3610000.xhci-usb-0:2.4:1.0": {
            "id": "32e4-9230-platform-3610000.xhci-usb-0:2.4:1.0",
            "name": "32e4-9230-platform-3610000.xhci-usb-0:2.4:1.0",
            "connect_after_init": true,
            "image_history_length": 256,
            "crop": {
                "x": 0.0,
                "y": 0.0,
                "width": 1280.0,
                "height": 720.0
            },
            "rotation": 0,
            "auto_exposure": true,
            "exposure": false,
            "width": 1280,
            "height": 720,
            "fps": 9,
            "calibration": {
                "intrinsics": {
                    "model": "pinhole",
                    "matrix": [
                        [
                            906.7988118213058,
                            0.0,
                            660.6050682370911
                        ],
                        [
                            0.0,
                            932.6565975912467,
                            316.32188883576583
                        ],
                        [
                            0.0,
                            0.0,
                            1.0
                        ]
                    ],
                    "distortion": [
                        -0.4115115813276916,
                        0.21580860564857157,
                        -0.00027305704694573484,
                        8.920662852249536e-05,
                        -0.05513411103211249
                    ],
                    "omnidir_params": {
                        "xi": 0.0,
                        "rotation": {
                            "R": [
                                [
                                    1.0,
                                    0.0,
                                    0.0
                                ],
                                [
                                    0.0,
                                    1.0,
                                    0.0
                                ],
                                [
                                    0.0,
                                    0.0,
                                    1.0
                                ]
                            ]
                        }
                    },
                    "size": {
                        "width": 1280,
                        "height": 720
                    }
                },
                "extrinsics": {
                    "_frame_id": "rosys.odometer.prediction",
                    "x": 0.30192085511898503,
                    "y": 0.002802966473519769,
                    "z": 0.2999196515209255,
                    "rotation": {
                        "R": [
                            [
                                -0.009770572938699429,
                                0.771509112549968,
                                -0.6361432426402174
                            ],
                            [
                                0.9999409049988845,
                                0.010571019505692059,
                                -0.002537726664195536
                            ],
                            [
                                0.00476680337977597,
                                -0.6361304447980549,
                                -0.7715668051352179
                            ]
                        ]
                    }
                }
            },
            "focal_length": 1830
        }
    }
}