{
    "cameras": {
        "32e4-9230-platform-3610000.xhci-usb-0:2.2:1.0": {
            "id": "32e4-9230-platform-3610000.xhci-usb-0:2.2:1.0",
            "name": "32e4-9230-platform-3610000.xhci-usb-0:2.2:1.0",
            "connect_after_init": true,
            "streaming": true,
            "focal_length": 1830,
            "calibration": {
                "intrinsics": {
                    "matrix": [
                        [
                            693.8157476507296,
                            0.0,
                            665.9937485038591
                        ],
                        [
                            0.0,
                            699.8163160749943,
                            325.5891714211943
                        ],
                        [
                            0.0,
                            0.0,
                            1.0
                        ]
                    ],
                    "distortion": [
                        -0.3941653348777937,
                        0.1805806524705269,
                        0.0006499557524581503,
                        -0.00019964078224080737,
                        -0.041496203679046335
                    ],
                    "rotation": {
                        "R": [
                            [
                                1.0,
                                0.0,
                                0.0
                            ],
                            [
                                0.0,
                                1.0,
                                0.0
                            ],
                            [
                                0.0,
                                0.0,
                                1.0
                            ]
                        ]
                    },
                    "size": {
                        "width": 1280,
                        "height": 720
                    }
                },
                "extrinsics": {
                    "rotation": {
                        "R": [
                            [
                                -0.0031517804328461407,
                                0.7947545793494339,
                                -0.6069227503424196
                            ],
                            [
                                0.9999929740575544,
                                0.0012732500990294549,
                                -0.003525715489408864
                            ],
                            [
                                -0.002029314078714005,
                                -0.6069295984191982,
                                -0.7947530084542497
                            ]
                        ]
                    },
                    "translation": [
                        0.2847769691135428,
                        0.007219128212968552,
                        0.2998457603184308
                    ]
                }
            },
            "auto_exposure": true,
            "exposure": false,
            "width": 1280,
            "height": 720,
            "fps": 9
        }
    }
}