{
    "obstacles": {},
    "areas": {
        "8c03eee7-0e38-4631-9f0d-0a12093c1136": {
            "outline": [
                {
                    "x": -0.0,
                    "y": -0.0
                },
                {
                    "x": 5.8733895570814365,
                    "y": 3.8697768009152913
                },
                {
                    "x": 11.93031394516627,
                    "y": -4.054046975083415
                },
                {
                    "x": 2.9367005986381782,
                    "y": -7.555282960321975
                }
            ],
            "id": "8c03eee7-0e38-4631-9f0d-0a12093c1136",
            "type": null,
            "color": "green",
            "closed": true
        }
    }
}