{"cameras": {"32e4-9230-platform-3610000.xhci-usb-0:2.4:1.0": {"id": "32e4-9230-platform-3610000.xhci-usb-0:2.4:1.0", "name": "32e4-9230-platform-3610000.xhci-usb-0:2.4:1.0", "connect_after_init": true, "image_history_length": 256, "base_path_overwrite": null, "crop": null, "rotation": 180, "auto_exposure": true, "exposure": false, "width": 1280, "height": 720, "fps": 9, "calibration": {"intrinsics": {"model": "pinhole", "matrix": [[878.1935052403012, 0.0, 677.3318603461091], [0.0, 909.024774165023, 307.02821851506155], [0.0, 0.0, 1.0]], "distortion": [-0.44653513331297806, 0.3062313034628068, -7.424244372280324e-05, -0.0011934139752042088, -0.1214074050557893], "omnidir_params": {"xi": 0.0, "rotation": {"R": [[1.0, 0.0, 0.0], [0.0, 1.0, 0.0], [0.0, 0.0, 1.0]]}}, "size": {"width": 1280, "height": 720}}, "extrinsics": {"_frame_id": "field_friend.robot_locator", "x": 0.30620863859895703, "y": 0.0035745726720112503, "z": 0.3002618567431628, "rotation": {"R": [[-0.0074304447093567205, 0.7687146363099333, -0.6395487443614509], [0.9999718016361931, 0.005015978644975827, -0.005588907827083004], [-0.0010883124035278012, -0.6395722382038799, -0.7687302307669395]]}}}, "focal_length": 1830}}}