{
    "obstacles": {},
    "areas": {
        "38d0b78e-73ff-481e-a9fd-ad0b4f0bc383": {
            "outline": [
                {
                    "x": 0.4754654857812373,
                    "y": -0.24222659678731243
                },
                {
                    "x": -21.007917850278513,
                    "y": 4.09237901275715
                },
                {
                    "x": -29.16229728702451,
                    "y": -32.002028438879016
                },
                {
                    "x": -6.917771396089687,
                    "y": -38.22130290308707
                }
            ],
            "id": "38d0b78e-73ff-481e-a9fd-ad0b4f0bc383",
            "type": null,
            "color": "green",
            "closed": true
        }
    }
}