{"cameras": {"32e4-9230-platform-3610000.xhci-usb-0:2.3:1.0": {"id": "32e4-9230-platform-3610000.xhci-usb-0:2.3:1.0", "name": "32e4-9230-platform-3610000.xhci-usb-0:2.3:1.0", "connect_after_init": true, "image_history_length": 256, "base_path_overwrite": null, "crop": {"x": 250.0, "y": 0.0, "width": 780.0, "height": 720.0}, "rotation": 0, "auto_exposure": true, "exposure": false, "width": 1280, "height": 720, "fps": 9, "calibration": {"intrinsics": {"model": "pinhole", "matrix": [[711.0367764617555, 0.0, 390.68463506930766], [0.0, 721.9800183922268, 357.77258805407297], [0.0, 0.0, 1.0]], "distortion": [-0.446416916979923, 0.34601783136226244, -0.003420231568434343, -0.00046876831027256545, -0.2103171852836666], "omnidir_params": {"xi": 0.0, "rotation": {"R": [[1.0, 0.0, 0.0], [0.0, 1.0, 0.0], [0.0, 0.0, 1.0]]}}, "size": {"width": 780, "height": 720}}, "extrinsics": {"_frame_id": "field_friend.robot_locator", "x": 0.29779965484351484, "y": 0.0002835135642930219, "z": 0.30386396785025016, "rotation": {"R": [[-0.0035127648355081087, 0.8068476598295738, -0.5907491128311161], [0.9999750105680932, 0.0064585447178867605, 0.0028749677335639626], [0.006135040550183215, -0.5907242512608293, -0.8068501845136928]]}}}, "focal_length": 1830}, "0bda-5858-200901010001": {"id": "0bda-5858-200901010001", "name": "0bda-5858-200901010001", "connect_after_init": true, "image_history_length": 256, "base_path_overwrite": null, "crop": null, "rotation": 0, "auto_exposure": true, "exposure": false, "width": 800, "height": 600, "fps": 10, "calibration": null, "focal_length": null}, "0bda-5857-200901010001": {"id": "0bda-5857-200901010001", "name": "0bda-5857-200901010001", "connect_after_init": true, "image_history_length": 256, "base_path_overwrite": null, "crop": null, "rotation": 0, "auto_exposure": true, "exposure": false, "width": 800, "height": 600, "fps": 10, "calibration": null, "focal_length": null}}}