{
    "cameras": {
        "32e4-9230-platform-3610000.xhci-usb-0:2.1:1.0": {
            "id": "32e4-9230-platform-3610000.xhci-usb-0:2.1:1.0",
            "name": "32e4-9230-platform-3610000.xhci-usb-0:2.1:1.0",
            "connect_after_init": true,
            "streaming": true,
            "focal_length": 1830,
            "calibration": {
                "intrinsics": {
                    "matrix": [
                        [
                            900.7563580745991,
                            0.0,
                            663.0230501520205
                        ],
                        [
                            0.0,
                            904.6425099884107,
                            301.96771840322316
                        ],
                        [
                            0.0,
                            0.0,
                            1.0
                        ]
                    ],
                    "distortion": [
                        -0.3936727926969431,
                        0.1910463197137935,
                        0.004863672318620469,
                        0.0004754694660314551,
                        -0.04783286390279313
                    ],
                    "rotation": {
                        "R": [
                            [
                                1.0,
                                0.0,
                                0.0
                            ],
                            [
                                0.0,
                                1.0,
                                0.0
                            ],
                            [
                                0.0,
                                0.0,
                                1.0
                            ]
                        ]
                    },
                    "size": {
                        "width": 1280,
                        "height": 720
                    }
                },
                "extrinsics": {
                    "rotation": {
                        "R": [
                            [
                                -0.008812065190163532,
                                0.7845453340130073,
                                -0.6200088437962019
                            ],
                            [
                                0.9999610194820463,
                                0.007257303739787835,
                                -0.005029021659822479
                            ],
                            [
                                0.0005540970229195576,
                                -0.620028991597044,
                                -0.7845787038631892
                            ]
                        ]
                    },
                    "translation": [
                        0.2925151857987712,
                        0.014639470490577467,
                        0.3090187031839868
                    ]
                }
            },
            "auto_exposure": true,
            "exposure": false,
            "width": 1280,
            "height": 720,
            "fps": 9
        }
    }
}