{
  "cameras": {
    "32e4-9230-platform-3610000.xhci-usb-0:2.1:1.0": {
      "id": "32e4-9230-platform-3610000.xhci-usb-0:2.1:1.0",
      "name": "32e4-9230-platform-3610000.xhci-usb-0:2.1:1.0",
      "connect_after_init": true,
      "image_history_length": 256,
      "crop": {
        "x": 0.0,
        "y": 0.0,
        "width": 1280.0,
        "height": 720.0
      },
      "rotation": 0,
      "auto_exposure": true,
      "exposure": false,
      "width": 1280,
      "height": 720,
      "fps": 9,
      "calibration": {
        "intrinsics": {
          "model": "pinhole",
          "matrix": [
            [771.5924598936557, 0.0, 642.4161451235811],
            [0.0, 796.6805059320701, 370.17815889287647],
            [0.0, 0.0, 1.0]
          ],
          "distortion": [
            -0.40445111624489205, 0.1890817174438104, -0.0020090037276497595,
            -0.000670081356427252, -0.04079949884911083
          ],
          "omnidir_params": {
            "xi": 0.0,
            "rotation": {
              "R": [
                [1.0, 0.0, 0.0],
                [0.0, 1.0, 0.0],
                [0.0, 0.0, 1.0]
              ]
            }
          },
          "size": {
            "width": 1280,
            "height": 720
          }
        },
        "extrinsics": {
          "_frame_id": "field_friend.robot_locator",
          "x": 0.2981616527139012,
          "y": -0.0012718301048319108,
          "z": 0.29144727695555384,
          "rotation": {
            "R": [
              [-0.010036679136987803, 0.7811578033198487, -0.6242529546461191],
              [0.9998988306421215, 0.014132932662010655, 0.0016089421646208264],
              [0.010079362699058689, -0.6241736509392874, -0.7812206217968785]
            ]
          }
        }
      },
      "focal_length": 1830
    }
  }
}
