{
    "cameras": {
        "32e4-9230-platform-3610000.xhci-usb-0:2.3:1.0": {
            "id": "32e4-9230-platform-3610000.xhci-usb-0:2.3:1.0",
            "name": "32e4-9230-platform-3610000.xhci-usb-0:2.3:1.0",
            "connect_after_init": true,
            "image_history_length": 256,
            "crop": {
                "x": 60.0,
                "y": 20.0,
                "width": 1020.0,
                "height": 700.0
            },
            "rotation": 0,
            "auto_exposure": true,
            "exposure": false,
            "width": 1280,
            "height": 720,
            "fps": 9,
            "calibration": {
                "intrinsics": {
                    "model": "pinhole",
                    "matrix": [
                        [
                            704.3472414299275,
                            0.0,
                            515.2572427719205
                        ],
                        [
                            0.0,
                            709.5225125575603,
                            329.3347043150279
                        ],
                        [
                            0.0,
                            0.0,
                            1.0
                        ]
                    ],
                    "distortion": [
                        -0.42323083237038744,
                        0.24994860543758948,
                        -0.0016619969416450243,
                        -7.288107826439712e-05,
                        -0.07725206082664601
                    ],
                    "omnidir_params": null,
                    "size": {
                        "width": 1020,
                        "height": 700
                    }
                },
                "extrinsics": {
                    "_frame_id": "rosys.odometer.prediction",
                    "x": 0.2891589404346338,
                    "y": 0.0036781887580965575,
                    "z": 0.29221418864252113,
                    "rotation": {
                        "R": [
                            [
                                0.0012156952531017229,
                                0.8037678718850602,
                                -0.5949417872451164
                            ],
                            [
                                0.9999974845579332,
                                -0.0020985613297158645,
                                -0.0007917816314380813
                            ],
                            [
                                -0.001884930465043511,
                                -0.5949393281383465,
                                -0.8037684012645899
                            ]
                        ]
                    }
                }
            },
            "focal_length": 1830
        }
    }
}