{
    "cameras": {
        "32e4-9230-platform-3610000.xhci-usb-0:2.1:1.0": {
            "id": "32e4-9230-platform-3610000.xhci-usb-0:2.1:1.0",
            "name": "32e4-9230-platform-3610000.xhci-usb-0:2.1:1.0",
            "connect_after_init": true,
            "image_history_length": 256,
            "crop": {
                "x": 150.0,
                "y": 40.0,
                "width": 980.0,
                "height": 680.0
            },
            "rotation": 0,
            "auto_exposure": true,
            "exposure": false,
            "width": 1280,
            "height": 720,
            "fps": 9,
            "calibration": {
                "intrinsics": {
                    "model": "pinhole",
                    "matrix": [
                        [
                            747.6047038666246,
                            0.0,
                            503.0608658488491
                        ],
                        [
                            0.0,
                            776.0562791896833,
                            350.6195425339102
                        ],
                        [
                            0.0,
                            0.0,
                            1.0
                        ]
                    ],
                    "distortion": [
                        -0.4373143493741297,
                        0.24122109956628343,
                        -0.0041711163302937115,
                        -0.0003321035306947364,
                        -0.051248605589538206
                    ],
                    "omnidir_params": {
                        "xi": 0.0,
                        "rotation": {
                            "R": [
                                [
                                    1.0,
                                    0.0,
                                    0.0
                                ],
                                [
                                    0.0,
                                    1.0,
                                    0.0
                                ],
                                [
                                    0.0,
                                    0.0,
                                    1.0
                                ]
                            ]
                        }
                    },
                    "size": {
                        "width": 980,
                        "height": 680
                    }
                },
                "extrinsics": {
                    "_frame_id": "field_friend.robot_locator",
                    "x": 0.30298544461220345,
                    "y": -0.0019656399813323218,
                    "z": 0.29116004439353,
                    "rotation": {
                        "R": [
                            [
                                0.008098434694958967,
                                0.7801425171814437,
                                -0.6255494131092219
                            ],
                            [
                                0.99995581816246,
                                -0.009303719967039936,
                                0.0013425787945688678
                            ],
                            [
                                -0.004772533764804955,
                                -0.6255326479733694,
                                -0.7801833946200653
                            ]
                        ]
                    }
                }
            },
            "focal_length": 1830
        }
    }
}